{"scope.version":"2","timeline.animationMode":"proMode","viewport.width":640,"viewport.height":640,"library.openDirectories":[],"library.GroupsPath":{},"library.downloadedAssets":{},"tool.text.optionsState":{"fontName":"Times","fontSize":"16px","fontWeight":"normal","fontStyle":"normal","alignLeft":false,"alignCenter":true,"alignRight":false,"alignJustify":false,"verticalAlignCenter":false,"foreColor":"rgb(235, 229, 229)","tagName":"span","orderedList":false,"unorderedList":false},"design.zoom":1}