{"scope.version":"2","timeline.animationMode":"proMode","viewport.width":480,"viewport.height":640,"library.openDirectories":[],"library.GroupsPath":{},"library.downloadedAssets":{},"tool.text.optionsState":{"fontName":"Times","fontSize":"16px","fontWeight":"normal","fontStyle":"normal","alignLeft":true,"alignCenter":false,"alignRight":false,"alignJustify":false,"verticalAlignCenter":false,"foreColor":"rgb(0, 0, 0)","tagName":"span","orderedList":false,"unorderedList":false},"timeline.loopPreview":true,"design.zoom":1,"publish.local.flatten":true,"publish.local.minify":true,"publish.local.inlineFiles":true,"publish.local.createZip":true,"publish.local.politeLoad":true,"publish.local.exportMozilla":true,"publish.local.exportWebkit":true,"publish.local.unpackGroups":true,"publish.local.borderColor":"rgba(0,0,0,1)","publish.local.addBorder":false}